1,Motori,
2,Immobili,
3,Lavori e servizi,
4,Elettronica e informatica,
5,Per la casa,
6,Sport e hobby,
7,Auto,1
8,Accessori auto,1
9,Moto e scooter,1
10,Accessori moto,1
11,Nautica,1
12,Caravan e camper,1
13,Veicoli commerciali,1
14,Appartamenti,2
15,Camere e posti letto,2
16,Ville singole e a schiera,2
17,Terreni e rustici,2
18,Garage e box,2
19,Loft mansarde e altro,2
20,Case vacanza,2
21,Uffici e locali commerciali,2
22,Offerte di lavoro,3
23,Servizi,3
24,Attrezzature da lavoro,3
25,Audio e HI-FI,4
26,Accessori Elettronica,4
27,Audio e video,4
28,Console e videogiochi,4
29,Fotografia,4
30,Telefonia,4
31,TV e home cinema,4
32,Tecnologia indossabile,4
33,Portatili e tablet,4
34,Desktop e monitor,4
35,Componenti per computer,4
36,Archiviazione e periferiche,4
37,Stampanti e cartucce,4
38,Accessori informatica,4
39,Arredamento e casalinghi,5
40,Elettrodomestici,5
41,Giardinaggio,5
42,Animali,6
43,Musica e film,6
44,Libri e riviste,6
45,Strumenti musicali,6
46,Sport,6
47,Biciclette,6
48,Collezionismo,6
